{"cameraMode":{"drawMode":0,"name":"Shaded","section":"Shading Mode"},"sceneLighting":true,"audioPlay":false,"sceneViewState":{"showFog":true,"showMaterialUpdate":false,"showSkybox":true,"showFlares":true,"showImageEffects":true,"showParticleSystems":true},"in2DMode":false,"pivot":{"x":-1.1977367401123047,"y":-0.002982914447784424,"z":-0.7106351852416992},"rotation":{"x":0.053159311413764957,"y":-0.17287088930606843,"z":0.009343578480184079,"w":0.9834643602371216},"size":4.12567138671875,"orthographic":false}